"Parameter","Original_Value","Lower_Bound","Upper_Bound","Lower_ICER","Upper_ICER","Lower_Original_ICER","Upper_Original_ICER","ICER_Change_Lower","ICER_Change_Upper","Original_ICER_Change_Lower","Original_ICER_Change_Upper","Base_Original_ICER"
"ai_morphometry_per_scan",0.26,0.234,0.286,62493.5655991443,62417.5029735295,NA,NA,0.985778081348412,0.86286553256067,NA,NA,61883.5313115111
"radiologist_cost_non_ai",31,27.9,34.1,66969.2906585755,60305.689880359,NA,NA,8.21827591166964,-2.54969520599836,NA,NA,61883.5313115111
"ai_max_adoption",0.9,0.81,0.99,69232.9081772454,54694.8758673037,NA,NA,11.876143313055,-11.6164273302713,NA,NA,61883.5313115111
"ai_adoption_rate",0.9,0.81,0.99,59482.1000052282,66021.3862401558,NA,NA,-3.88056604946228,6.68652037294943,NA,NA,61883.5313115111
"ai_initial_adoption",0.05,0.045,0.055,63748.0634950057,65390.7474340492,NA,NA,3.01296991942641,5.6674466505207,NA,NA,61883.5313115111
