Scenario,Area,ICER,Costs_per_Dementia_Diagnosis,QALY_gains
AF,Urban,9632.264109824655,60676.035485817425,153347.21610597672
AF,Rural,9632.264110936136,60676.03548581743,148785.8136126583
No AF,Urban,NA,60692.610488714265,153347.4854728578
No AF,Rural,NA,60692.61048871426,148786.07496706417
