"Scenario","Area","ICER","Costs_per_Dementia_Diagnosis","QALY_gains","QALYs_per_original_person"
"AI","Urban",72367.3492474469,27657.9894283683,0.311775575217325,17.9509507318979
"AI","Rural",57590.8133904159,27695.5345969792,0.27523836644832,18.1935182413033
"AI","Combined",64187.9685599305,27676.4944189545,0.293506970861927,18.0624401229579
"No AI","Urban",NA,27665.5537366229,0,17.6391581444372
"No AI","Rural",NA,27703.0300217455,0,17.9182625932988
"No AI","Combined",NA,27684.0248025242,0,17.768933152096
